<?xml version="1.0" encoding="UTF-8"?>
<!DOCTYPE module PUBLIC
"-//Puppy Crawl//DTD Check Configuration 1.3//EN"
"http://www.puppycrawl.com/dtds/configuration_1_3.dtd">
<module name="Checker">
    <property name="charset" value="UTF-8"/>
    <property name="fileExtensions" value="java, xml, properties"/>
    <module name="SuppressionCommentFilter"/>
    <module name="SuppressWarningsFilter"/>
    <module name="UniqueProperties">
        <property name="severity" value="warning"/>
        <property name="fileExtensions" value="properties"/>
    </module>
    <module name="Translation">
        <property name="severity" value="info"/>
        <property name="fileExtensions" value="properties"/>
        <property name="baseName" value="^messages.*$"/>
    </module>
    <module name="FileTabCharacter">
        <property name="severity" value="info"/>
    </module>
    <module name="NewlineAtEndOfFile">
        <property name="severity" value="info"/>
        <property name="lineSeparator" value="system"/>
    </module>
    <module name="JavadocPackage">
        <property name="severity" value="info"/>
    </module>
    <module name="Header">
        <property name="severity" value="warning"/>
    </module>
    <module name="FileLength">
        <property name="severity" value="warning"/>
    </module>
    <module name="RegexpHeader">
        <property name="severity" value="warning"/>
    </module>
    <module name="TreeWalker">
        <module name="FileContentsHolder"/>
        <module name="SuppressWarningsHolder"/>
        <module name="AbbreviationAsWordInName">
            <property name="severity" value="warning"/>
            <property name="ignoreOverriddenMethods" value="true"/>
            <property name="ignoreStatic" value="true"/>
            <property name="tokens" value="CLASS_DEF,INTERFACE_DEF,ENUM_DEF,ANNOTATION_DEF,ANNOTATION_FIELD_DEF,PARAMETER_DEF,VARIABLE_DEF,METHOD_DEF"/>
            <property name="ignoreFinal" value="true"/>
            <property name="allowedAbbreviationLength" value="3"/>
        </module>
        <module name="AbstractClassName">
            <property name="severity" value="warning"/>
            <property name="ignoreName" value="false"/>
            <property name="ignoreModifier" value="false"/>
            <property name="format" value="^Abstract.+$"/>
        </module>
        <module name="AnnotationLocation">
            <property name="severity" value="warning"/>
            <property name="allowSamelineSingleParameterlessAnnotation" value="true"/>
            <property name="allowSamelineParameterizedAnnotation" value="false"/>
            <property name="allowSamelineMultipleAnnotations" value="false"/>
            <property name="tokens" value="CLASS_DEF,INTERFACE_DEF,ENUM_DEF,METHOD_DEF,CTOR_DEF,VARIABLE_DEF"/>
        </module>
        <module name="AnnotationUseStyle">
            <property name="severity" value="warning"/>
        </module>
        <module name="AnonInnerLength">
            <property name="severity" value="warning"/>
        </module>
        <module name="ArrayTrailingComma">
            <property name="severity" value="warning"/>
        </module>
        <module name="ArrayTypeStyle">
            <property name="severity" value="info"/>
        </module>
        <module name="AtclauseOrder">
            <property name="severity" value="warning"/>
            <property name="tagOrder" value="@author,@version,@param,@return,@throws,@exception,@see,@since,@serial,@serialField,@serialData,@deprecated"/>
        </module>
        <module name="AvoidEscapedUnicodeCharacters">
            <property name="severity" value="warning"/>
            <property name="allowIfAllCharactersEscaped" value="false"/>
            <property name="allowNonPrintableEscapes" value="false"/>
            <property name="allowByTailComment" value="false"/>
            <property name="allowEscapesForControlCharacters" value="false"/>
        </module>
        <module name="AvoidInlineConditionals">
            <property name="severity" value="info"/>
        </module>
        <module name="AvoidNestedBlocks">
            <property name="severity" value="warning"/>
        </module>
        <module name="AvoidStarImport">
            <property name="severity" value="info"/>
            <property name="allowStaticMemberImports" value="false"/>
            <property name="allowClassImports" value="false"/>
        </module>
        <module name="AvoidStaticImport">
            <property name="severity" value="info"/>
        </module>
        <module name="CatchParameterName">
            <property name="severity" value="warning"/>
            <property name="format" value="^(e|t|ex|[a-z][a-z][a-zA-Z]+)$"/>
        </module>
        <module name="ClassDataAbstractionCoupling">
            <property name="severity" value="warning"/>
        </module>
        <module name="ClassFanOutComplexity">
            <property name="severity" value="warning"/>
        </module>
        <module name="ClassTypeParameterName">
            <property name="severity" value="warning"/>
            <property name="format" value="^[A-Z]$"/>
        </module>
        <module name="CommentsIndentation">
            <property name="severity" value="info"/>
            <property name="tokens" value="SINGLE_LINE_COMMENT,BLOCK_COMMENT_BEGIN"/>
        </module>
        <module name="CovariantEquals">
            <property name="severity" value="error"/>
        </module>
        <module name="CustomImportOrder">
            <property name="severity" value="warning"/>
            <property name="thirdPartyPackageRegExp" value="^$"/>
            <property name="separateLineBetweenGroups" value="true"/>
            <property name="sortImportsInGroupAlphabetically" value="false"/>
            <property name="specialImportsRegExp" value="^$"/>
            <property name="standardPackageRegExp" value="java|javax"/>
        </module>
        <module name="CyclomaticComplexity">
            <property name="severity" value="warning"/>
            <property name="switchBlockAsSingleDecisionPoint" value="false"/>
            <property name="max" value="10"/>
            <property name="tokens" value="LITERAL_WHILE,LITERAL_DO,LITERAL_FOR,LITERAL_IF,LITERAL_SWITCH,LITERAL_CASE,LITERAL_CATCH,QUESTION,LAND,LOR"/>
        </module>
        <module name="DeclarationOrder">
            <property name="severity" value="info"/>
            <property name="ignoreModifiers" value="false"/>
            <property name="ignoreConstructors" value="false"/>
        </module>
        <module name="DefaultComesLast">
            <property name="severity" value="warning"/>
        </module>
        <module name="DescendantToken">
            <property name="severity" value="info"/>
            <property name="sumTokenCounts" value="false"/>
        </module>
        <!--
         <module name="DesignForExtension">
         <property name="severity" value="info"/>
         <property name="ignoredAnnotations" value="Test, Before, After, BeforeClass, AfterClass"/>
         </module>
         -->
        <module name="EmptyBlock">
            <property name="severity" value="warning"/>
            <property name="tokens" value="LITERAL_WHILE,LITERAL_TRY,LITERAL_FINALLY,LITERAL_DO,LITERAL_IF,LITERAL_ELSE,LITERAL_FOR,INSTANCE_INIT,STATIC_INIT,LITERAL_SWITCH,LITERAL_SYNCHRONIZED"/>
            <property name="option" value="stmt"/>
        </module>
        <module name="EmptyCatchBlock">
            <property name="severity" value="warning"/>
            <property name="exceptionVariableName" value="^$"/>
            <property name="commentFormat" value=".*"/>
        </module>
        <module name="EmptyForInitializerPad">
            <property name="severity" value="info"/>
        </module>
        <module name="EmptyForIteratorPad">
            <property name="severity" value="info"/>
        </module>
        <module name="EmptyStatement">
            <property name="severity" value="info"/>
        </module>
        <module name="EqualsAvoidNull">
            <property name="severity" value="warning"/>
            <property name="ignoreEqualsIgnoreCase" value="false"/>
        </module>
        <module name="EqualsHashCode">
            <property name="severity" value="error"/>
        </module>
        <module name="ExplicitInitialization">
            <property name="severity" value="warning"/>
        </module>
        <module name="FallThrough">
            <property name="severity" value="warning"/>
        </module>
        <module name="FileContentsHolder">
            <property name="severity" value="info"/>
        </module>
        <module name="FinalClass">
            <property name="severity" value="warning"/>
        </module>
        <module name="GenericWhitespace">
            <property name="severity" value="info"/>
        </module>
        <module name="HideUtilityClassConstructor">
            <property name="severity" value="warning"/>
        </module>
        <module name="IllegalCatch">
            <property name="severity" value="warning"/>
        </module>
        <module name="IllegalImport">
            <property name="severity" value="warning"/>
        </module>
        <module name="IllegalInstantiation">
            <property name="severity" value="warning"/>
            <property name="tokens" value="CLASS_DEF"/>
        </module>
        <module name="IllegalThrows">
            <property name="severity" value="warning"/>
            <property name="ignoreOverriddenMethods" value="true"/>
        </module>
        <!--
         <module name="ImportControl">
         <property name="severity" value="error"/>
         <property name="path" value=".*"/>
         </module>
         -->
        <module name="ImportOrder">
            <property name="severity" value="info"/>
            <property name="ordered" value="true"/>
            <property name="sortStaticImportsAlphabetically" value="false"/>
            <!--<property name="useContainerOrderingForStatic" value="true"/>-->
            <property name="caseSensitive" value="true"/>
            <property name="separated" value="false"/>
            <property name="tokens" value="STATIC_IMPORT"/>
        </module>
        <module name="Indentation">
            <property name="severity" value="info"/>
            <property name="throwsIndent" value="4"/>
            <property name="arrayInitIndent" value="4"/>
            <property name="forceStrictCondition" value="false"/>
            <property name="caseIndent" value="4"/>
            <property name="basicOffset" value="4"/>
            <property name="braceAdjustment" value="0"/>
            <property name="lineWrappingIndentation" value="4"/>
        </module>
        <module name="InnerTypeLast">
            <property name="severity" value="info"/>
        </module>
        <module name="InterfaceIsType">
            <property name="severity" value="warning"/>
        </module>
        <module name="InterfaceTypeParameterName">
            <property name="severity" value="warning"/>
            <property name="format" value="^[A-Z]$"/>
        </module>
        <module name="JavaNCSS">
            <property name="severity" value="warning"/>
        </module>
        <module name="JavadocParagraph">
            <property name="severity" value="warning"/>
            <property name="allowNewlineParagraph" value="true"/>
        </module>
        <module name="JavadocTagContinuationIndentation">
            <property name="severity" value="warning"/>
            <property name="offset" value="4"/>
        </module>
        <module name="LineLength">
            <property name="severity" value="warning"/>
            <property name="max" value="140"/>
        </module>
        <module name="LocalFinalVariableName">
            <property name="severity" value="warning"/>
            <property name="format" value="^[a-z][a-zA-Z0-9]*$"/>
            <property name="tokens" value="VARIABLE_DEF,PARAMETER_DEF"/>
        </module>
        <module name="MethodCount">
            <property name="severity" value="warning"/>
            <property name="maxTotal" value="100"/>
            <property name="maxPrivate" value="100"/>
            <property name="tokens" value="CLASS_DEF,ENUM_CONSTANT_DEF,ENUM_DEF,INTERFACE_DEF"/>
            <property name="maxPackage" value="100"/>
            <property name="maxProtected" value="100"/>
            <property name="maxPublic" value="100"/>
        </module>
        <module name="MethodName">
            <property name="severity" value="warning"/>
            <property name="allowClassName" value="false"/>
            <property name="applyToPackage" value="true"/>
            <property name="format" value="^[a-z][a-zA-Z0-9]*$"/>
            <property name="applyToPublic" value="true"/>
            <property name="applyToPrivate" value="true"/>
            <property name="applyToProtected" value="true"/>
        </module>
        <module name="MethodTypeParameterName">
            <property name="severity" value="warning"/>
            <property name="format" value="^[A-Z]$"/>
        </module>
        <module name="MissingCtor">
            <property name="severity" value="warning"/>
        </module>
        <module name="MissingDeprecated">
            <property name="severity" value="warning"/>
        </module>
        <module name="MissingOverride">
            <property name="severity" value="warning"/>
        </module>
        <module name="MissingSwitchDefault">
            <property name="severity" value="warning"/>
        </module>
        <module name="ModifiedControlVariable">
            <property name="severity" value="warning"/>
            <property name="skipEnhancedForLoopVariable" value="false"/>
        </module>
        <module name="ModifierOrder">
            <property name="severity" value="info"/>
        </module>
        <module name="MultipleVariableDeclarations">
            <property name="severity" value="warning"/>
        </module>
        <module name="MutableException">
            <property name="severity" value="warning"/>
        </module>
        <module name="NPathComplexity">
            <property name="severity" value="warning"/>
            <property name="tokens" value="LITERAL_WHILE,LITERAL_DO,LITERAL_FOR,LITERAL_IF,LITERAL_ELSE,LITERAL_SWITCH,LITERAL_CASE,LITERAL_TRY,LITERAL_CATCH,QUESTION"/>
        </module>
        <module name="NestedForDepth">
            <property name="severity" value="warning"/>
            <property name="max" value="1"/>
        </module>
        <module name="NestedIfDepth">
            <property name="severity" value="warning"/>
        </module>
        <module name="NestedTryDepth">
            <property name="severity" value="warning"/>
        </module>
        <module name="NoClone">
            <property name="severity" value="warning"/>
        </module>
        <module name="NoFinalizer">
            <property name="severity" value="warning"/>
        </module>
        <module name="NonEmptyAtclauseDescription">
            <property name="severity" value="warning"/>
        </module>
        <module name="OneStatementPerLine">
            <property name="severity" value="warning"/>
        </module>
        <module name="OneTopLevelClass">
            <property name="severity" value="warning"/>
        </module>
        <module name="OuterTypeFilename">
            <property name="severity" value="warning"/>
        </module>
        <module name="OuterTypeNumber">
            <property name="severity" value="info"/>
        </module>
        <module name="OverloadMethodsDeclarationOrder">
            <property name="severity" value="warning"/>
        </module>
        <module name="PackageAnnotation">
            <property name="severity" value="info"/>
        </module>
        <module name="PackageDeclaration">
            <property name="severity" value="warning"/>
        </module>
        <module name="PackageName">
            <property name="severity" value="warning"/>
            <property name="format" value="^[a-z]+(\.[a-zA-Z_][a-zA-Z0-9_]*)*$"/>
        </module>
        <module name="ParameterAssignment">
            <property name="severity" value="warning"/>
        </module>
        <module name="RedundantImport">
            <property name="severity" value="info"/>
        </module>
        <module name="RequireThis">
            <property name="severity" value="warning"/>
        </module>
        <module name="ReturnCount">
            <property name="severity" value="warning"/>
            <property name="maxForVoid" value="1"/>
            <property name="max" value="2"/>
            <property name="format" value="^equals$"/>
            <property name="tokens" value="CTOR_DEF,METHOD_DEF,LAMBDA"/>
        </module>
        <module name="SeparatorWrap">
            <property name="severity" value="info"/>
            <property name="tokens" value="DOT,COMMA"/>
            <property name="option" value="eol"/>
        </module>
        <module name="SimplifyBooleanExpression">
            <property name="severity" value="warning"/>
        </module>
        <module name="SimplifyBooleanReturn">
            <property name="severity" value="warning"/>
        </module>
        <module name="SingleLineJavadoc">
            <property name="severity" value="warning"/>
            <property name="ignoreInlineTags" value="true"/>
        </module>
        <module name="SingleSpaceSeparator">
            <property name="severity" value="warning"/>
            <property name="validateComments" value="false"/>
        </module>
        <module name="StringLiteralEquality">
            <property name="severity" value="error"/>
        </module>
        <module name="SummaryJavadoc">
            <property name="severity" value="warning"/>
        </module>
        <module name="SuperClone">
            <property name="severity" value="warning"/>
        </module>
        <module name="SuperFinalize">
            <property name="severity" value="warning"/>
        </module>
        <module name="SuppressWarningsHolder">
            <property name="severity" value="info"/>
        </module>
        <module name="ThrowsCount">
            <property name="severity" value="warning"/>
            <property name="ignorePrivateMethods" value="true"/>
            <property name="max" value="4"/>
        </module>
        <module name="TrailingComment">
            <property name="severity" value="info"/>
            <property name="format" value="^[\s\}\);]*$"/>
        </module>
        <module name="UncommentedMain">
            <property name="severity" value="warning"/>
        </module>
        <module name="UnnecessaryParentheses">
            <property name="severity" value="info"/>
            <property name="tokens" value="EXPR,IDENT,NUM_DOUBLE,NUM_FLOAT,NUM_INT,NUM_LONG,STRING_LITERAL,LITERAL_NULL,LITERAL_FALSE,LITERAL_TRUE,ASSIGN,BAND_ASSIGN,BOR_ASSIGN,BSR_ASSIGN,BXOR_ASSIGN,DIV_ASSIGN,MINUS_ASSIGN,MOD_ASSIGN,PLUS_ASSIGN,SL_ASSIGN,SR_ASSIGN,STAR_ASSIGN"/>
        </module>
        <module name="UnusedImports">
            <property name="severity" value="info"/>
            <property name="processJavadoc" value="true"/>
        </module>
        <module name="UpperEll">
            <property name="severity" value="info"/>
        </module>
        <module name="VariableDeclarationUsageDistance">
            <property name="severity" value="warning"/>
            <property name="validateBetweenScopes" value="false"/>
            <property name="ignoreFinal" value="true"/>
            <property name="allowedDistance" value="3"/>
        </module>
        <module name="VisibilityModifier">
            <property name="severity" value="warning"/>
            <property name="protectedAllowed" value="false"/>
            <property name="immutableClassCanonicalNames" value="java.lang.String,java.lang.Integer,java.lang.Byte,java.lang.Character,java.lang.Short,java.lang.Boolean,java.lang.Long,java.lang.Double,java.lang.Float,java.lang.StackTraceElement,java.math.BigInteger,java.math.BigDecimal,java.io.File,java.util.Locale,java.util.UUID,java.net.URL,java.net.URI,java.net.Inet4Address,java.net.Inet6Address,java.net.InetSocketAddress"/>
            <property name="publicMemberPattern" value="^serialVersionUID$"/>
            <property name="packageAllowed" value="false"/>
            <property name="allowPublicImmutableFields" value="true"/>
            <!--<property name="allowPublicFinalFields" value="false"/>-->
            <property name="ignoreAnnotationCanonicalNames" value="org.junit.Rule,org.junit.ClassRule,com.google.common.annotations.VisibleForTesting"/>
        </module>
        <module name="WriteTag">
            <property name="severity" value="info"/>
            <property name="tokens" value="INTERFACE_DEF,CLASS_DEF,ENUM_DEF,ANNOTATION_DEF"/>
        </module>
    </module>
</module>

