<?xml version="1.0" encoding="UTF-8"?>
<!DOCTYPE mapper PUBLIC "-//mybatis.org//DTD Mapper 3.0//EN" "http://mybatis.org/dtd/mybatis-3-mapper.dtd">
<mapper namespace="com.uhui.configurable.provider.repository.dao.CommonDao">
    <select id="getById" parameterType="java.lang.Long" resultType="map">
        select
        *
        from `${table}`
        where id = #{id}
    </select>

    <insert id="create" parameterType="map">
        <selectKey resultType="java.lang.Long" keyProperty="model.id" order="AFTER">
            SELECT LAST_INSERT_ID()
        </selectKey>
        insert into `${table}`
        <foreach collection="model" open="(" close=")" separator="," index="key" item="item">
            <if test="key != null and key != 'table'">
                `${key}`
            </if>
        </foreach>
        values
        <foreach collection="model" open="(" close=")" separator="," index="key" item="item">
            <if test="key != null and key != 'table'">
                #{item}
            </if>
        </foreach>
    </insert>

    <update id="update" parameterType="map">
        update `${model.table}`
        <set>
            <foreach collection="model" separator="," index="key" item="item">
                <if test="key != null and key != 'table'">
                    `${key}` = #{item}
                </if>
            </foreach>
        </set>
        where id = #{id}
    </update>

    <update id="updateColumn" parameterType="map">
        update `${table}`
        <set>
            `${column}` = #{value}
        </set>
        where id = #{id}
    </update>

    <select id="simpleQuery" parameterType="map" resultType="map">
        select
        <if test="select == null">
            *
        </if>
        <if test="select != null">
            <foreach collection="select" separator="," item="item">
                ${item}
            </foreach>
        </if>
        from `${table}`
        where logic_deleted = 0
        <if test="where != null">
            AND
            <foreach collection="where" separator=" and " item="item">
                ${item}
            </foreach>
        </if>
        <if test="orderBy != null">
            ORDER BY
            <foreach collection="orderBy" separator="," item="item">
                ${item}
            </foreach>
        </if>
    </select>

    <select id="query" parameterType="map" resultType="map">
        select
        <if test="select == null">
            *
        </if>
        <if test="select != null">
            <foreach collection="select" separator="," item="item">
                ${item}
            </foreach>
        </if>
        from `${table}`
        <if test="leftJoin != null">
            LEFT JOIN
            <foreach collection="leftJoin" separator="," index="key" item="item">
                `${key}` ON ${item}
            </foreach>
        </if>
        where
        <if test="leftJoin == null">
            logic_deleted = 0
        </if>
        <if test="leftJoin != null">
            `${table}`.logic_deleted = 0 AND
            <foreach collection="leftJoin" separator=" and " index="key" item="item">
                `${key}`.logic_deleted = 0
            </foreach>
        </if>
        <if test="where != null">
            AND
            <foreach collection="where" separator=" and " item="item">
                ${item}
            </foreach>
        </if>
        <if test="groupBy != null">
            GROUP BY
            <foreach collection="groupBy" separator="," item="item">
                `${item}`
            </foreach>
        </if>
        <if test="orderBy != null">
            ORDER BY
            <foreach collection="orderBy" separator="," item="item">
                ${item}
            </foreach>
        </if>
        <if test="start != null and end != null">
            limit ${start},${end}
        </if>
    </select>
    <select id="executeQuery" parameterType="map" resultType="map">
         ${sql}
    </select>
</mapper>