{
  "configurableWorkFlow": {
    "name": "permissionService",
    "dubboConfig": {
      "application": "dubboApplication",
      "registry": "dubboRegistry",
      "protocol": "restDubboProtocol",
      "interface": "com.uhui.configurable.api.facade.PermissionService",
      "timeout": 2000,
      "validation": "true"
    },
    "dependencies": [
      {
        "beanName": "permissionProvider",
        "beanClass": "com.uhui.configurable.provider.service.PermissionProvider"
      }
    ],
    "methods": {
      "getCurrentUserPermissions": {
        "input": [
          "token"
        ],
        "processingChain": [
          {
            "dependency": "permissionProvider",
            "invoke": "getCurrentUserPermissions",
            "arguments": [
              "token"
            ],
            "result": {
              "action": "STORE",
              "name": "result"
            }
          }
        ],
        "output": "result"
      },
      "getAllPermissions": {
        "input": [
        ],
        "processingChain": [
          {
            "dependency": "permissionProvider",
            "invoke": "getAllPermissions",
            "arguments": [
            ],
            "result": {
              "action": "STORE",
              "name": "result"
            }
          }
        ],
        "output": "result"
      }
    }
  }
}