{
  "configurableWorkFlow": {
    "name": "productService",
    "dubboConfig": {
      "application": "dubboApplication",
      "registry": "dubboRegistry",
      "protocol": "restDubboProtocol",
      "interface": "com.uhui.configurable.api.facade.ProductService",
      "timeout": 2000,
      "validation": "true"
    },
    "dependencies": [
      {
        "beanName": "singleDBRepository",
        "beanClass": "com.uhui.configurable.provider.repository.SingleDBRepository"
      },
      {
        "beanName": "permissionProvider",
        "beanClass": "com.uhui.configurable.provider.service.PermissionProvider"
      }
    ],
    "methods": {
      "getLastProduct": {
        "input": [
        ],
        "processingChain": [
          {
            "dependency": "singleDBRepository",
            "invoke": "executeQuery",
            "arguments": [
              "string#SELECT * FROM product where id = (select max(id) from product where logic_deleted = 0)"
            ],
            "result": {
              "action": "STORE",
              "name": "result"
            }
          }
        ],
        "output": "result"
      },
      "createProduct": {
        "input": [
          "token",
          "product"
        ],
        "processingChain": [
          {
            "dependency": "permissionProvider",
            "invoke": "getCurrentUser",
            "arguments": [
              "token"
            ],
            "result": {
              "action": "SINGLE_VARIABLE_STORE",
              "name": "currentUser"
            }
          },
          {
            "dependency": "local#product",
            "invoke": "setPublisherId",
            "arguments": [
              "currentUser.id"
            ]
          },
          {
            "dependency": "local#product",
            "invoke": "setCompanyId",
            "arguments": [
              "currentUser.companyId"
            ]
          },
          {
            "dependency": "local#product",
            "invoke": "setGroupId",
            "arguments": [
              "currentUser.groupId"
            ]
          },
          {
            "dependency": "singleDBRepository",
            "invoke": "create",
            "arguments": [
              "product"
            ],
            "result": {
              "action": "STORE",
              "name": "result"
            }
          }
        ],
        "output": "result"
      },
      "updateProduct": {
        "input": [
          "token",
          "id",
          "product"
        ],
        "processingChain": [
          {
            "dependency": "singleDBRepository",
            "invoke": "update",
            "arguments": [
              "id",
              "product"
            ],
            "result": {
              "action": "STORE",
              "name": "result"
            }
          }
        ],
        "output": "result"
      },
      "deleteProduct": {
        "input": [
          "token",
          "id"
        ],
        "processingChain": [
          {
            "dependency": "singleDBRepository",
            "invoke": "delete",
            "arguments": [
              "id",
              "com.uhui.configurable.api.model.Product:TABLE_NAME"
            ],
            "result": {
              "action": "STORE",
              "name": "result"
            }
          }
        ],
        "output": "result"
      },
      "listProduct": {
        "input": [
          "token"
        ],
        "processingChain": [
          {
            "dependency": "permissionProvider",
            "invoke": "getCurrentUser",
            "arguments": [
              "token"
            ],
            "result": {
              "action": "SINGLE_VARIABLE_STORE",
              "name": "currentUser"
            }
          },
          {
            "dependency": "permissionProvider",
            "invoke": "getCurrentActionPermission",
            "arguments": [
              "token"
            ],
            "result": {
              "action": "SINGLE_VARIABLE_STORE",
              "name": "currentActionPermission"
            }
          },
          {
            "dependency": "singleDBRepository",
            "invoke": "simpleQuery",
            "arguments": [
              "class#com.uhui.configurable.api.model.Product",
              "list#[\"company_id=REF{currentUser.companyId}\"]",
              "currentActionPermission",
              "currentUser"
            ],
            "result": {
              "action": "STORE",
              "name": "result"
            }
          }
        ],
        "output": "result"
      }
    }
  }
}