{
  "configurableWorkFlow": {
    "name": "accountService",
    "dubboConfig": {
      "application": "dubboApplication",
      "registry": "dubboRegistry",
      "protocol": "restDubboProtocol",
      "interface": "com.uhui.configurable.api.facade.AccountService",
      "timeout": 2000,
      "validation": "true"
    },
    "dependencies": [
      {
        "beanName": "singleDBRepository",
        "beanClass": "com.uhui.configurable.provider.repository.SingleDBRepository"
      },
      {
        "beanName": "messageService",
        "beanClass": "com.uhui.configurable.provider.service.MessageService"
      },
      {
        "beanName": "singleRedisService",
        "beanClass": "com.uhui.configurable.provider.service.SingleRedisService"
      },
      {
        "beanName": "permissionProvider",
        "beanClass": "com.uhui.configurable.provider.service.PermissionProvider"
      }
    ],
    "methods": {
      "requestSecurityCode": {
        "input": [
          "mobilePhoneNumber"
        ],
        "processingChain": [
          {
            "dependency": "permissionProvider",
            "invoke": "generateSecurityCode",
            "arguments": [
            ],
            "result": {
              "action": "SINGLE_VARIABLE_STORE",
              "name": "securityCode"
            }
          },
          {
            "dependency": "singleRedisService",
            "invoke": "setex",
            "arguments": [
              "string#SECURITY_CODE_REF{mobilePhoneNumber}",
              "int#600",
              "securityCode"
            ]
          },
          {
            "dependency": "messageService",
            "invoke": "sendSmsSecurityCode",
            "arguments": [
              "mobilePhoneNumber",
              "securityCode"
            ]
          }
        ]
      },
      //已弃用
      "login": {
        "input": [
          "mobilePhoneNumber",
          "params"
        ],
        "processingChain": [
          {
            "dependency": "singleRedisService",
            "invoke": "get",
            "arguments": [
              "string#SECURITY_CODE_REF{mobilePhoneNumber}"
            ],
            "result": {
              "action": "SINGLE_VARIABLE_STORE",
              "name": "realSecurityCode"
            }
          },
          {
            "dependency": "class#com.uhui.configurable.api.workflow.utils.ConditionUtils",
            "invoke": "equals",
            "arguments": [
              "params.securityCode",
              "realSecurityCode"
            ],
            "argumentClasses": [
              "java.lang.String",
              "java.lang.String"
            ],
            "allowNull": true,
            "subNode": {
              "3": {
                "dependency": "class#com.uhui.configurable.api.workflow.exception.BusinessException",
                "invoke": "throwBusinessException",
                "arguments": [
                  "string#logic",
                  "string#Security Code don't match."
                ]
              }
            },
            "result": {
              "action": "STORE",
              "name": "conditionalResultCode"
            }
          },
          {
            "dependency": "singleDBRepository",
            "invoke": "simpleQuery",
            "arguments": [
              "class#com.uhui.configurable.api.model.User",
              "list#[\"mobile_phone=REF{mobilePhoneNumber}\"]"
            ],
            "argumentClasses": [
              "java.lang.Class",
              "java.util.List"
            ],
            "allowNull": true,
            "result": {
              "action": "STORE",
              "name": "queryResult"
            }
          },
          {
            "dependency": "class#com.uhui.configurable.api.workflow.utils.ConditionUtils",
            "invoke": "equals",
            "arguments": [
              "queryResult.resultSize",
              "int#1"
            ],
            "argumentClasses": [
              "java.lang.Integer",
              "java.lang.Integer"
            ],
            "subNode": {
              "3": {
                "dependency": "class#com.uhui.configurable.api.model.User",
                "invoke": "fillInstance",
                "arguments": [
                  "map#{\"name\":\"_REF{mobilePhoneNumber}\",\"mobilePhone\":\"REF{mobilePhoneNumber}\",\"mobilePhoneIsValidated\": true}"
                ],
                "subNode": {
                  "2": {
                    "dependency": "permissionProvider",
                    "invoke": "resetToken",
                    "arguments": [
                      "newUser",
                      "params.specialId"
                    ],
                    "subNode": {
                      "2": {
                        "dependency": "singleDBRepository",
                        "invoke": "create",
                        "arguments": [
                          "newUser"
                        ],
                        "result": {
                          "action": "SINGLE_VARIABLE_STORE",
                          "name": "newUserId"
                        }
                      }
                    },
                    "result": {
                      "action": "SINGLE_VARIABLE_CONDITIONAL_SUCCESS",
                      "name": "nToken",
                      "code": 2
                    }
                  }
                },
                "result": {
                  "action": "SINGLE_VARIABLE_CONDITIONAL_SUCCESS",
                  "name": "newUser",
                  "code": 2
                }
              }
            },
            "result": {
              "action": "STORE",
              "name": "conditionalResultCode"
            }
          },
          {
            "dependency": "permissionProvider",
            "invoke": "loadUserSession",
            "arguments": [
              "notNull#queryResult.datas.0|newUser",
              "nToken",
              "params.specialId"
            ],
            "argumentClasses": [
              "com.uhui.configurable.api.model.User",
              "java.lang.String",
              "java.lang.String"
            ],
            "allowNull": true,
            "result": {
              "action": "SINGLE_VARIABLE_STORE",
              "name": "securityCode"
            }
          }
        ]
      }
    }
  }
}