{
  "configurableWorkFlow": {
    "name": "gasCardService",
    "dubboConfig": {
      "application": "dubboApplication",
      "registry": "dubboRegistry",
      "protocol": "restDubboProtocol",
      "interface": "com.uhui.configurable.api.facade.GasCardService",
      "timeout": 2000,
      "validation": "true"
    },
    "dependencies": [
      {
        "beanName": "singleDBRepository",
        "beanClass": "com.uhui.configurable.provider.repository.SingleDBRepository"
      },
      {
        "beanName": "singleRedisService",
        "beanClass": "com.uhui.configurable.provider.service.SingleRedisService"
      }
    ],
    "methods": {
      "bindGasCard": {
        "input": [
          "specialId",
          "params"
        ],
        "processingChain": [
          {
            "dependency": "singleRedisService",
            "invoke": "get",
            "arguments": [
              "specialId"
            ],
            "result": {
              "action": "SINGLE_VARIABLE_STORE",
              "name": "currentUserJson"
            }
          },
          {
            "dependency": "class#com.uhui.configurable.api.workflow.utils.CastUtils",
            "invoke": "castJson",
            "arguments": [
              "currentUserJson",
              "class#com.uhui.configurable.api.model.User"
            ],
            "result": {
              "action": "SINGLE_VARIABLE_STORE",
              "name": "currentUser"
            }
          },
          {
            "dependency": "class#com.uhui.configurable.api.model.GasCard",
            "invoke": "fillInstance",
            "arguments": [
              "map#{\"userId\":\"ref#currentUser.id\",\"cardNo\":\"ref#params.cardNo\",\"cardType\":\"ref#params.cardType\"}"
            ],
            "result": {
              "action": "SINGLE_VARIABLE_STORE",
              "name": "newGasCard"
            }
          },
          {
            "dependency": "singleDBRepository",
            "invoke": "create",
            "arguments": [
              "newGasCard"
            ],
            "result": {
              "action": "SINGLE_VARIABLE_STORE",
              "name": "newGasCardId"
            }
          },
          {
            "dependency": "singleDBRepository",
            "invoke": "getById",
            "arguments": [
              "class#com.uhui.configurable.api.model.GasCard",
              "newGasCardId"
            ],
            "result": {
              "action": "STORE",
              "name": "result"
            }
          }
        ],
        "output": "result"
      },
      "unbindGasCard": {
        "input": [
          "specialId",
          "params"
        ],
        "processingChain": [
          {
            "dependency": "singleRedisService",
            "invoke": "get",
            "arguments": [
              "specialId"
            ],
            "result": {
              "action": "SINGLE_VARIABLE_STORE",
              "name": "currentUserJson"
            }
          },
          {
            "dependency": "class#com.uhui.configurable.api.workflow.utils.CastUtils",
            "invoke": "castJson",
            "arguments": [
              "currentUserJson",
              "class#com.uhui.configurable.api.model.User"
            ],
            "result": {
              "action": "SINGLE_VARIABLE_STORE",
              "name": "currentUser"
            }
          },
          {
            "dependency": "singleDBRepository",
            "invoke": "getByOthers",
            "arguments": [
              "class#com.uhui.configurable.api.model.GasCard",
              "list#[\"user_id=REF{currentUser.id}\",\"card_no=REF{params.cardNo}\",\"card_type=REF{params.cardType}\"]"
            ],
            "result": {
              "action": "SINGLE_VARIABLE_STORE",
              "name": "gasCard"
            }
          },
          {
            "dependency": "class#com.uhui.configurable.api.workflow.utils.ConditionUtils",
            "invoke": "isNull",
            "arguments": [
              "gasCard"
            ],
            "subNode": {
              "2": {
                "dependency": "class#com.uhui.configurable.api.workflow.exception.BusinessException",
                "invoke": "throwBusinessException",
                "arguments": [
                  "string#logic",
                  "string#Unbind failed because original gas card don't match."
                ]
              }
            },
            "allowNull": true,
            "result": {
              "action": "STORE",
              "name": "gasCardIsNullResultCode"
            }
          },
          {
            "dependency": "singleDBRepository",
            "invoke": "delete",
            "arguments": [
              "gasCard.id",
              "com.uhui.configurable.api.model.GasCard:TABLE_NAME"
            ],
            "result": {
              "action": "SINGLE_VARIABLE_STORE",
              "name": "unbindResult"
            }
          }
        ],
        "output": "unbindResult"
      },
      "modifyGasCard": {
        "input": [
          "specialId",
          "params"
        ],
        "processingChain": [
          {
            "dependency": "singleRedisService",
            "invoke": "get",
            "arguments": [
              "specialId"
            ],
            "result": {
              "action": "SINGLE_VARIABLE_STORE",
              "name": "currentUserJson"
            }
          },
          {
            "dependency": "class#com.uhui.configurable.api.workflow.utils.CastUtils",
            "invoke": "castJson",
            "arguments": [
              "currentUserJson",
              "class#com.uhui.configurable.api.model.User"
            ],
            "result": {
              "action": "SINGLE_VARIABLE_STORE",
              "name": "currentUser"
            }
          },
          {
            "dependency": "singleDBRepository",
            "invoke": "getByOthers",
            "arguments": [
              "class#com.uhui.configurable.api.model.GasCard",
              "list#[\"user_id=REF{currentUser.id}\",\"card_no=REF{params.oldCardNo}\",\"card_type=REF{params.oldCardType}\"]"
            ],
            "result": {
              "action": "SINGLE_VARIABLE_STORE",
              "name": "gasCard"
            }
          },
          {
            "dependency": "class#com.uhui.configurable.api.workflow.utils.ConditionUtils",
            "invoke": "isNull",
            "arguments": [
              "gasCard"
            ],
            "subNode": {
              "2": {
                "dependency": "class#com.uhui.configurable.api.workflow.exception.BusinessException",
                "invoke": "throwBusinessException",
                "arguments": [
                  "string#logic",
                  "string#Update failed because original gas card don't match."
                ]
              }
            },
            "allowNull": true,
            "result": {
              "action": "STORE",
              "name": "gasCardIsNullResultCode"
            }
          },
          {
            "dependency": "class#com.uhui.configurable.api.model.GasCard",
            "invoke": "fillInstance",
            "arguments": [
              "map#{\"cardNo\":\"ref#params.newCardNo\",\"cardType\":\"ref#params.newCardType\"}"
            ],
            "result": {
              "action": "SINGLE_VARIABLE_STORE",
              "name": "needUpdateGasCard"
            }
          },
          {
            "dependency": "singleDBRepository",
            "invoke": "update",
            "arguments": [
              "gasCard.id",
              "needUpdateGasCard"
            ],
            "result": {
              "action": "SINGLE_VARIABLE_STORE",
              "name": "updateResult"
            }
          }
        ],
        "output": "updateResult"
      }
    }
  }
}