{
  "configurableWorkFlow": {
    "name": "gasService",
    "dubboConfig": {
      "application": "dubboApplication",
      "registry": "dubboRegistry",
      "protocol": "restDubboProtocol",
      "interface": "com.uhui.configurable.api.facade.GasService",
      "timeout": 2000,
      "validation": "true"
    },
    "dependencies": [
      {
        "beanName": "singleDBRepository",
        "beanClass": "com.uhui.configurable.provider.repository.SingleDBRepository"
      }
    ],
    "methods": {
      "getGasStationAndPrice": {
        "input": [
          "lon",
          "lat",
          "page",
          "pageSize",
          "range"
        ],
        "processingChain": [
          {
            "dependency": "class#com.uhui.configurable.api.workflow.utils.Pagination",
            "invoke": "buildPagination",
            "arguments": [
              "class#java.util.HashMap",
              "pageSize",
              "page",
              "null#",
              "null#"
            ],
            "argumentClasses": [
              "java.lang.Class",
              "java.lang.Integer",
              "java.lang.Integer",
              "java.lang.Integer",
              "java.lang.Long"
            ],
            "allowNull": true,
            "result": {
              "action": "SINGLE_VARIABLE_STORE",
              "name": "pagination"
            }
          },
          {
            "dependency": "class#com.uhui.configurable.api.workflow.utils.MathUtils",
            "invoke": "mul",
            "arguments": [
              "com.uhui.configurable.api.facade.GasService:RANGE_FACTOR",
              "range"
            ],
            "result": {
              "action": "SINGLE_VARIABLE_STORE",
              "name": "rangeOffset"
            }
          },
          {
            "dependency": "singleDBRepository",
            "invoke": "query",
            "arguments": [
              "pagination",
              "string#gas_station",
              "array#[\"gas_station.*\",\"gas_station_price.*\"]",
              "map#{\"gas_station_price\":\"gas_station.id = gas_station_price.gas_station_id\"}",
              "list#[\"gas_station.lon between (REF{lon} - REF{rangeOffset}) and (REF{lon} + REF{rangeOffset})\",\"gas_station.lat between (REF{lat} - REF{rangeOffset}) and (REF{lat} + REF{rangeOffset})\"]",
              "null#",
              "null#"
            ],
            "argumentClasses": [
              "com.uhui.configurable.api.workflow.utils.Pagination",
              "java.lang.String",
              "[Ljava.lang.String;",
              "java.util.Map",
              "java.util.List",
              "[Ljava.lang.String;",
              "[Ljava.lang.String;"
            ],
            "allowNull": true,
            "result": {
              "action": "STORE",
              "name": "result"
            }
          }
        ],
        "output": "result"
      }
    }
  }
}