{
  "configurableWorkFlow": {
    "name": "orderService",
    "dubboConfig": {
      "application": "dubboApplication",
      "registry": "dubboRegistry",
      "protocol": "restDubboProtocol",
      "interface": "com.uhui.configurable.api.facade.OrderService",
      "timeout": 2000,
      "validation": "true"
    },
    "dependencies": [
      {
        "beanName": "singleDBRepository",
        "beanClass": "com.uhui.configurable.provider.repository.SingleDBRepository"
      },
      {
        "beanName": "singleRedisService",
        "beanClass": "com.uhui.configurable.provider.service.SingleRedisService"
      }
    ],
    "methods": {
      "createOrderInfo": {
        "input": [
          "params"
        ],
        "processingChain": [
          {
            "dependency": "singleDBRepository",
            "invoke": "getById",
            "arguments": [
              "class#com.uhui.configurable.api.model.Product",
              "params.productId"
            ],
            "result": {
              "action": "SINGLE_VARIABLE_STORE",
              "name": "selectedProduct"
            }
          },
          {
            "dependency": "local#selectedProduct",
            "invoke": "getCashBackFromSpecification",
            "arguments": [
              "params.selectedMouth",
              "params.selectedAmount"
            ],
            "result": {
              "action": "SINGLE_VARIABLE_STORE",
              "name": "selectedCashBack"
            }
          },
          {
            "dependency": "class#com.uhui.configurable.api.workflow.utils.MathUtils",
            "invoke": "mul",
            "arguments": [
              "params.selectedMouth",
              "params.selectedAmount"
            ],
            "result": {
              "action": "SINGLE_VARIABLE_STORE",
              "name": "selectedOrderAmount"
            }
          },
          {
            "dependency": "class#com.uhui.configurable.provider.service.JsonProvider",
            "invoke": "toJSONString",
            "arguments": [
              "map#{\"selectedMouth\":\"ref#params.selectedMouth\",\"selectedAmount\":\"ref#params.selectedAmount\"}"
            ],
            "result": {
              "action": "SINGLE_VARIABLE_STORE",
              "name": "selectedProductSpecification"
            }
          },
          {
            "dependency": "class#com.uhui.configurable.api.model.Order",
            "invoke": "fillInstance",
            "arguments": [
              "map#{\"dataVersion\":1,\"productId\":\"ref#params.productId\",\"productSpecification\":\"ref#selectedProductSpecification\",\"orderType\":\"ref#com.uhui.configurable.api.model.BusinessStatusMapping:ORDER_TYPE_PREPAYMENT_CASH_BACK\",\"orderStatus\":\"ref#com.uhui.configurable.api.model.BusinessStatusMapping:ORDER_STATUS_CREATED\",\"orderAmount\":\"ref#selectedOrderAmount\",\"discountAmount\":\"ref#selectedCashBack\",\"payType\":\"ref#com.uhui.configurable.api.model.BusinessStatusMapping:PAY_TYPE_PREPAYMENT\"}"
            ],
            "result": {
              "action": "STORE",
              "name": "newOrder"
            }
          }
        ],
        "output": "newOrder"
      },
      "createOrder": {
        "input": [
          "specialId",
          "params"
        ],
        "processingChain": [
          {
            "dependency": "singleRedisService",
            "invoke": "get",
            "arguments": [
              "specialId"
            ],
            "result": {
              "action": "SINGLE_VARIABLE_STORE",
              "name": "currentUserJson"
            }
          },
          {
            "dependency": "class#com.uhui.configurable.api.workflow.utils.CastUtils",
            "invoke": "castJson",
            "arguments": [
              "currentUserJson",
              "class#com.uhui.configurable.api.model.User"
            ],
            "result": {
              "action": "SINGLE_VARIABLE_STORE",
              "name": "currentUser"
            }
          },
          {
            "dependency": "singleRedisService",
            "invoke": "hasInsertLock",
            "arguments": [
              "specialId"
            ],
            "result": {
              "action": "SINGLE_VARIABLE_STORE",
              "name": "locked"
            }
          },
          {
            "dependency": "class#com.uhui.configurable.api.workflow.utils.ConditionUtils",
            "invoke": "isTrue",
            "arguments": [
              "locked"
            ],
            "subNode": {
              "2": {
                "dependency": "class#com.uhui.configurable.api.workflow.exception.BusinessException",
                "invoke": "throwBusinessException",
                "arguments": [
                  "string#logic",
                  "string#Please don't repeat submit in a short time."
                ]
              }
            },
            "result": {
              "action": "STORE",
              "name": "lockedResultCode"
            }
          },
          {
            "dependency": "singleRedisService",
            "invoke": "addInsertLock",
            "arguments": [
              "specialId"
            ],
            "result": {
              "action": "SINGLE_VARIABLE_STORE",
              "name": "addLockResult"
            }
          },
          {
            "dependency": "class#com.uhui.configurable.api.workflow.utils.ConditionUtils",
            "invoke": "isTrue",
            "arguments": [
              "addLockResult"
            ],
            "subNode": {
              "3": {
                "dependency": "class#com.uhui.configurable.api.workflow.exception.BusinessException",
                "invoke": "throwBusinessException",
                "arguments": [
                  "string#logic",
                  "string#Service can not hold the lock."
                ]
              }
            },
            "result": {
              "action": "STORE",
              "name": "addLockResultCode"
            }
          },
          {
            "dependency": "singleDBRepository",
            "invoke": "getById",
            "arguments": [
              "class#com.uhui.configurable.api.model.Product",
              "params.productId"
            ],
            "result": {
              "action": "SINGLE_VARIABLE_STORE",
              "name": "selectedProduct"
            }
          },
          {
            "dependency": "local#selectedProduct",
            "invoke": "getCashBackFromSpecification",
            "arguments": [
              "params.selectedMouth",
              "params.selectedAmount"
            ],
            "result": {
              "action": "SINGLE_VARIABLE_STORE",
              "name": "selectedCashBack"
            }
          },
          {
            "dependency": "class#com.uhui.configurable.api.workflow.utils.MathUtils",
            "invoke": "mul",
            "arguments": [
              "params.selectedMouth",
              "params.selectedAmount"
            ],
            "result": {
              "action": "SINGLE_VARIABLE_STORE",
              "name": "selectedOrderAmount"
            }
          },
          {
            "dependency": "class#com.uhui.configurable.provider.service.JsonProvider",
            "invoke": "toJSONString",
            "arguments": [
              "map#{\"selectedMouth\":\"ref#params.selectedMouth\",\"selectedAmount\":\"ref#params.selectedAmount\"}"
            ],
            "result": {
              "action": "SINGLE_VARIABLE_STORE",
              "name": "selectedProductSpecification"
            }
          },
          {
            "dependency": "class#com.uhui.configurable.api.model.Order",
            "invoke": "fillInstance",
            "arguments": [
              "map#{\"dataVersion\":1,\"productId\":\"ref#params.productId\",\"productSpecification\":\"ref#selectedProductSpecification\",\"orderType\":\"ref#com.uhui.configurable.api.model.BusinessStatusMapping:ORDER_TYPE_PREPAYMENT_CASH_BACK\",\"orderStatus\":\"ref#com.uhui.configurable.api.model.BusinessStatusMapping:ORDER_STATUS_CREATED\",\"orderAmount\":\"ref#selectedOrderAmount\",\"discountAmount\":\"ref#selectedCashBack\",\"payType\":\"ref#com.uhui.configurable.api.model.BusinessStatusMapping:PAY_TYPE_PREPAYMENT\"}"
            ],
            "result": {
              "action": "SINGLE_VARIABLE_STORE",
              "name": "newOrder"
            }
          },
          {
            "dependency": "class#com.uhui.configurable.api.model.Order",
            "invoke": "fillInstance",
            "arguments": [
              "params"
            ],
            "result": {
              "action": "SINGLE_VARIABLE_STORE",
              "name": "requestOrder"
            }
          },
          {
            "dependency": "class#com.uhui.configurable.api.workflow.utils.ConditionUtils",
            "invoke": "equals",
            "arguments": [
              "newOrder",
              "requestOrder"
            ],
            "subNode": {
              "3": {
                "dependency": "class#com.uhui.configurable.api.workflow.exception.BusinessException",
                "invoke": "throwBusinessException",
                "arguments": [
                  "string#logic",
                  "string#Request order is invalid."
                ]
              }
            },
            "result": {
              "action": "STORE",
              "name": "checkOrderResultCode"
            }
          },
          {
            "dependency": "local#newOrder",
            "invoke": "setCreatorId",
            "arguments": [
              "currentUser.id"
            ]
          },
          {
            "dependency": "singleDBRepository",
            "invoke": "create",
            "arguments": [
              "newOrder"
            ],
            "result": {
              "action": "STORE",
              "name": "result"
            }
          }
        ],
        "output": "newOrder"
      }
    }
  }
}