{
  "configurableWorkFlow": {
    "name": "productService",
    "dubboConfig": {
      "application": "dubboApplication",
      "registry": "dubboRegistry",
      "protocol": "restDubboProtocol",
      "interface": "com.uhui.configurable.api.facade.ProductService",
      "timeout": 2000,
      "validation": "true"
    },
    "dependencies": [
      {
        "beanName": "singleDBRepository",
        "beanClass": "com.uhui.configurable.provider.repository.SingleDBRepository"
      }
    ],
    "methods": {
      "getLastProduct": {
        "input": [
        ],
        "processingChain": [
          {
            "dependency": "singleDBRepository",
            "invoke": "executeQuery",
            "arguments": [
              "string#SELECT * FROM product where id = (select max(id) from product where logic_deleted = 0)"
            ],
            "result": {
              "action": "STORE",
              "name": "result"
            }
          }
        ],
        "output": "result"
      }
    }
  }
}