{
  "configurableWorkFlow": {
    "name": "uploadService",
    "dubboConfig": {
      "application": "dubboApplication",
      "registry": "dubboRegistry",
      "protocol": "restDubboProtocol",
      "interface": "com.uhui.configurable.api.facade.UploadService",
      "timeout": 2000,
      "validation": "true"
    },
    "dependencies": [
      {
        "beanName": "localFileRepository",
        "beanClass": "com.uhui.configurable.provider.service.LocalFileRepository"
      },
      {
        "beanName": "singleDBRepository",
        "beanClass": "com.uhui.configurable.provider.repository.SingleDBRepository"
      },
      {
        "beanName": "singleRedisService",
        "beanClass": "com.uhui.configurable.provider.service.SingleRedisService"
      }
    ],
    "methods": {
      "userImage": {
        "input": [
          "specialId",
          "field",
          "filename",
          "input"
        ],
        "processingChain": [
          {
            "dependency": "localFileRepository",
            "invoke": "store",
            "arguments": [
              "string#user",
              "array#[\"image\"]",
              "input",
              "field",
              "filename"
            ],
            "result": {
              "action": "SINGLE_VARIABLE_STORE",
              "name": "realFilePath"
            }
          },
          {
            "dependency": "class#com.uhui.configurable.api.workflow.utils.ConditionUtils",
            "invoke": "isNull",
            "arguments": [
              "realFilePath"
            ],
            "subNode": {
              "2": {
                "dependency": "class#com.uhui.configurable.api.workflow.exception.BusinessException",
                "invoke": "throwBusinessException",
                "arguments": [
                  "string#resource",
                  "string#Store local file failed. File name: REF{filename}"
                ]
              }
            },
            "allowNull": true,
            "result": {
              "action": "STORE",
              "name": "realFilePathIsNullResultCode"
            }
          },
          {
            "dependency": "localFileRepository",
            "invoke": "confirm",
            "arguments": [
              "realFilePath"
            ],
            "result": {
              "action": "SINGLE_VARIABLE_STORE",
              "name": "confirmedFilePath"
            }
          },
          {
            "dependency": "singleRedisService",
            "invoke": "get",
            "arguments": [
              "specialId"
            ],
            "result": {
              "action": "SINGLE_VARIABLE_STORE",
              "name": "currentUserJson"
            }
          },
          {
            "dependency": "class#com.uhui.configurable.api.workflow.utils.CastUtils",
            "invoke": "castJson",
            "arguments": [
              "currentUserJson",
              "class#com.uhui.configurable.api.model.User"
            ],
            "result": {
              "action": "SINGLE_VARIABLE_STORE",
              "name": "currentUser"
            }
          },
          {
            "dependency": "class#com.uhui.configurable.api.model.User",
            "invoke": "fillInstance",
            "arguments": [
              "map#{\"imageUrl\":\"ref#confirmedFilePath\",\"imageUrlFileName\":\"ref#filename\"}"
            ],
            "result": {
              "action": "SINGLE_VARIABLE_STORE",
              "name": "needUpdateUser"
            }
          },
          {
            "dependency": "singleDBRepository",
            "invoke": "update",
            "arguments": [
              "currentUser.id",
              "needUpdateUser"
            ],
            "result": {
              "action": "SINGLE_VARIABLE_STORE",
              "name": "updatedRows"
            }
          },
          {
            "dependency": "class#com.uhui.configurable.api.workflow.utils.ConditionUtils",
            "invoke": "equals",
            "arguments": [
              "updatedRows",
              "int#1"
            ],
            "subNode": {
              "3": {
                "dependency": "class#com.uhui.configurable.api.workflow.exception.BusinessException",
                "invoke": "throwBusinessException",
                "arguments": [
                  "string#logic",
                  "string#Store local file failed. File name: REF{filename}"
                ]
              }
            },
            "result": {
              "action": "STORE",
              "name": "checkUpdatedUserResultCode"
            }
          }
        ],
        "output": "confirmedFilePath"
      }
    }
  }
}