{
  "configurableWorkFlow": {
    "name": "userService",
    "dubboConfig": {
      "application": "dubboApplication",
      "registry": "dubboRegistry",
      "protocol": "restDubboProtocol",
      "interface": "com.uhui.configurable.api.facade.UserService",
      "timeout": 2000,
      "validation": "true"
    },
    "dependencies": [
      {
        "beanName": "singleDBRepository",
        "beanClass": "com.uhui.configurable.provider.repository.SingleDBRepository"
      },
      {
        "beanName": "singleRedisService",
        "beanClass": "com.uhui.configurable.provider.service.SingleRedisService"
      },
      {
        "beanName": "jsonProvider",
        "beanClass": "com.uhui.configurable.provider.service.JsonProvider"
      }
    ],
    "methods": {
      "getUser": {
        "input": [
          "id"
        ],
        "processingChain": [
          {
            "dependency": "singleDBRepository",
            "invoke": "getById",
            "arguments": [
              "class#com.uhui.configurable.api.model.User",
              "id"
            ],
            "result": {
              "action": "STORE",
              "name": "result"
            }
          }
        ],
        "output": "result"
      },
      "registerUser": {
        "input": [
          "user"
        ],
        "processingChain": [
          {
            "dependency": "singleDBRepository",
            "invoke": "create",
            "arguments": [
              "user"
            ],
            "result": {
              "action": "STORE",
              "name": "result"
            }
          }
        ],
        "output": "result"
      },
      "modifyUser": {
        "input": [
          "id",
          "user"
        ],
        "processingChain": [
          {
            "dependency": "singleDBRepository",
            "invoke": "update",
            "arguments": [
              "id",
              "user"
            ],
            "result": {
              "action": "STORE",
              "name": "result"
            }
          }
        ],
        "output": "result"
      },
      "deleteUser": {
        "input": [
          "id"
        ],
        "processingChain": [
          {
            "dependency": "singleDBRepository",
            "invoke": "delete",
            "arguments": [
              "id",
              "com.uhui.configurable.api.model.User:TABLE_NAME"
            ],
            "result": {
              "action": "STORE",
              "name": "result"
            }
          }
        ],
        "output": "result"
      },
      "queryUser": {
        "processingChain": [
          {
            "dependency": "singleDBRepository",
            "invoke": "simpleQuery",
            "arguments": [
              "class#com.uhui.configurable.api.model.User",
              "array#[\"name\",\"mobile_phone\",\"logic_deleted\"]",
              "null#",
              "array#[\"mobile_phone desc\"]"
            ],
            "argumentClasses": [
              "java.lang.Class",
              "[Ljava.lang.String;",
              "java.util.List",
              "[Ljava.lang.String;"
            ],
            "allowNull": true,
            "result": {
              "action": "STORE",
              "name": "result"
            }
          }
        ],
        "output": "result"
      },
      "getCurrentUserInfo": {
        "input": [
          "specialId"
        ],
        "processingChain": [
          {
            "dependency": "singleRedisService",
            "invoke": "get",
            "arguments": [
              "specialId"
            ],
            "result": {
              "action": "SINGLE_VARIABLE_STORE",
              "name": "currentUserJson"
            }
          },
          {
            "dependency": "class#com.uhui.configurable.api.workflow.utils.CastUtils",
            "invoke": "castJson",
            "arguments": [
              "currentUserJson",
              "class#com.uhui.configurable.api.model.User"
            ],
            "result": {
              "action": "SINGLE_VARIABLE_STORE",
              "name": "currentUser"
            }
          },
          {
            "dependency": "singleDBRepository",
            "invoke": "getById",
            "arguments": [
              "class#com.uhui.configurable.api.model.User",
              "currentUser.id"
            ],
            "result": {
              "action": "SINGLE_VARIABLE_STORE",
              "name": "realUser"
            }
          },
          {
            "dependency": "class#com.uhui.configurable.api.workflow.utils.ConditionUtils",
            "invoke": "equals",
            "arguments": [
              "currentUser",
              "realUser"
            ],
            "subNode": {
              "3": {
                "dependency": "class#com.uhui.configurable.api.workflow.exception.BusinessException",
                "invoke": "throwBusinessException",
                "arguments": [
                  "string#logic",
                  "string#Get current user information failed, please login again."
                ]
              }
            },
            "result": {
              "action": "STORE",
              "name": "checkUpdatedUserResultCode"
            }
          }
        ],
        "output": "realUser"
      }
    }
  }
}