{
  "configurableWorkFlow": {
    "name": "weixinService",
    "dubboConfig": {
      "application": "dubboApplication",
      "registry": "dubboRegistry",
      "protocol": "restDubboProtocol",
      "interface": "com.uhui.configurable.api.facade.WeiXinService",
      "timeout": 2000,
      "validation": "true"
    },
    "dependencies": [
      {
        "beanName": "weiXinService",
        "beanClass": "com.uhui.configurable.provider.service.WeiXinService"
      },
      {
        "beanName": "singleRedisService",
        "beanClass": "com.uhui.configurable.provider.service.SingleRedisService"
      },
      {
        "beanName": "jsonpProvider",
        "beanClass": "com.uhui.configurable.provider.service.JsonpProvider"
      }
    ],
    "methods": {
      "getSignature": {
        "jsonpMethod": true,
        "input": [
          "url",
          "callbackFunctionName"
        ],
        "processingChain": [
          {
            "dependency": "singleRedisService",
            "invoke": "get",
            "arguments": [
              "com.uhui.configurable.provider.service.WeiXinService:WEIXIN_JSAPI_TICKET_REDIS_KEY"
            ],
            "result": {
              "action": "SINGLE_VARIABLE_STORE",
              "name": "jsapi_ticket"
            }
          },
          {
            "dependency": "weiXinService",
            "invoke": "sign",
            "arguments": [
              "jsapi_ticket",
              "url"
            ],
            "result": {
              "action": "SINGLE_VARIABLE_STORE",
              "name": "result"
            }
          },
          {
            "dependency": "jsonpProvider",
            "invoke": "jsonp",
            "arguments": [
              "callbackFunctionName",
              "result"
            ],
            "argumentClasses": [
              "java.lang.String",
              "java.lang.Object"
            ],
            "result": {
              "action": "STORE",
              "name": "jsonpResult"
            }
          }
        ],
        "output": "jsonpResult"
      }
    }
  }
}