<?xml version="1.0" encoding="UTF-8"?>
<!--
 - Copyright 1999-2011 Alibaba Group.
 -  
 - Licensed under the Apache License, Version 2.0 (the "License");
 - you may not use this file except in compliance with the License.
 - You may obtain a copy of the License at
 -  
 -      http://www.apache.org/licenses/LICENSE-2.0
 -  
 - Unless required by applicable law or agreed to in writing, software
 - distributed under the License is distributed on an "AS IS" BASIS,
 - WITHOUT WARRANTIES OR CONDITIONS OF ANY KIND, either express or implied.
 - See the License for the specific language governing permissions and
 - limitations under the License.
-->
<!DOCTYPE log4j:configuration SYSTEM "log4j.dtd">
<log4j:configuration xmlns:log4j="http://jakarta.apache.org/log4j/" debug="false">
    <appender name="CONSOLE" class="org.apache.log4j.ConsoleAppender">
        <layout class="org.apache.log4j.PatternLayout">
            <param name="ConversionPattern" value="[%d{yyyy-MM-dd HH:mm:ss.SSS\} %-5p] [%t] (%c.%M():%L) - %m%n"/>
        </layout>
    </appender>
    <appender name="railyFile"
              class="org.apache.log4j.RollingFileAppender">
        <param name="File" value="${baseDir}/logs/configurable-provider.log"></param>
        <param name="ImmediateFlush" value="true"/>
        <param name="Threshold" value="info"></param>
        <param name="Append" value="true"></param>
        <param name="MaxFileSize" value="30MB"></param>
        <param name="MaxBackupIndex" value="500"></param>
        <layout class="org.apache.log4j.PatternLayout">
            <param name="ConversionPattern" value="[%d{yyyy-MM-dd HH:mm:ss.SSS\} %-5p] [%t] (%c.%M():%L) - %m%n"/>
        </layout>
    </appender>
    <logger name="com.alibaba.dubbo" additivity="false">
        <level value="info"/>
        <appender-ref ref="CONSOLE"/>
        <appender-ref ref="railyFile"/>
    </logger>
    <logger name="com.uhui" additivity="false">
        <level value="info"/>
        <appender-ref ref="CONSOLE"/>
        <appender-ref ref="railyFile"/>
    </logger>
    <root>
        <level value="DEBUG"/>
        <appender-ref ref="CONSOLE"/>
        <appender-ref ref="railyFile"/>
    </root>
</log4j:configuration>