{
  "ApplicationPermissionUrlMapping": {
    "anon": [
      "/services/user/register",
      "/services/account/requestSecurityCode",
      "/services/account/login",
      "/services/WeiXin/signature",
      "/services/gas/price"
    ],
    "authc": [
      "/services/permission/currentUserPermissions",
      "/services/permission/allPermissions"
    ],
    "perms": {
      "Product": {
        "listProduct": {
          "permission": "product:view",
          "url": "/services/product/list",
          "child": {
            "makeProductOnline": {
              "permission": "product:update:row:owner,product:update:action:online",
              "url": "/services/product/online/{id}"
            },
            "makeProductOffline": {
              "permission": "product:update:action:offline",
              "url": "/services/product/offline/{id}"
            }
          }
        },
        "createProduct": {
          "permission": "product:create::",
          "url": "/services/product/create"
        },
        "updateProduct": {
          "permission": "product:update:row:owner",
          "url": "/services/product/update/{id}"
        },
        "deleteProduct": {
          "permission": "product:delete:row:owner",
          "url": "/services/product/delete/{id}"
        }
      }
    }
  }
}