<?xml version="1.0" encoding="UTF-8"?>
<beans xmlns="http://www.springframework.org/schema/beans"
       xmlns:xsi="http://www.w3.org/2001/XMLSchema-instance"
       xmlns:dubbo="http://code.alibabatech.com/schema/dubbo"
       xsi:schemaLocation="http://www.springframework.org/schema/beans http://www.springframework.org/schema/beans/spring-beans-2.5.xsd
	http://code.alibabatech.com/schema/dubbo http://code.alibabatech.com/schema/dubbo/dubbo.xsd">

    <dubbo:application id="dubboApplication" name="configurable-provider" owner="programmer" organization="dubbox"/>

    <dubbo:registry id="dubboRegistry" address="${DUBBO.REGISTRY.ADDRESS}"/>

    <!--<dubbo:monitor protocol="registry"/>-->

    <!-- here we demonstrate both annotation-based and xml-based configs -->
    <dubbo:annotation package="com.uhui.configurable.api.facade"/>

    <dubbo:protocol name="dubbo" serialization="kryo" optimizer="com.uhui.configurable.api.SerializationOptimizerImpl"/>

    <!-- use tomcat server -->
    <dubbo:protocol id="restDubboProtocol" name="rest" port="8888" threads="500" contextpath="services" server="tomcat"
                    accepts="500"
                    extension="com.uhui.configurable.api.extension.AuthenticationFilter"/>

    <dubbo:service interface="com.uhui.configurable.api.facade.UserService" ref="userServiceImpl" protocol="restDubboProtocol" timeout="2000" connections="100" validation="true"/>
    <bean id="userServiceImpl" class="com.uhui.configurable.provider.service.UserServiceImpl"/>
</beans>