<?xml version="1.0" encoding="UTF-8"?>
<beans xmlns="http://www.springframework.org/schema/beans"
       xmlns:xsi="http://www.w3.org/2001/XMLSchema-instance"
       xmlns:context="http://www.springframework.org/schema/context"
       xmlns:tx="http://www.springframework.org/schema/tx"
       xsi:schemaLocation="http://www.springframework.org/schema/beans http://www.springframework.org/schema/beans/spring-beans.xsd
	    http://www.springframework.org/schema/context http://www.springframework.org/schema/context/spring-context.xsd
	    http://www.springframework.org/schema/tx http://www.springframework.org/schema/tx/spring-tx.xsd"
>

    <context:component-scan base-package="com.uhui.configurable.provider"/>
    <context:component-scan base-package="com.uhui.configurable.api"/>

    <context:annotation-config/>

    <tx:annotation-driven transaction-manager="transactionManager"/>

    <bean id="propertyConfigure" class="org.springframework.beans.factory.config.PropertyPlaceholderConfigurer">
        <property name="locations">
            <list>
                <value>file:${CONF_PATH}/spring-base.properties</value>
                <value>file:${CONF_PATH}/configurable-provider.properties</value>
            </list>
        </property>
    </bean>

    <bean id="dataSource" class="com.alibaba.druid.pool.DruidDataSource" destroy-method="close">
        <property name="url" value="${DB.URL}"/>
        <property name="username" value="${DB.USER}"/>
        <property name="password" value="${DB.PASSWORD}"/>
        <property name="filters" value="stat"/>
        <property name="maxActive" value="20"/>
        <property name="initialSize" value="1"/>
        <property name="maxWait" value="60000"/>
        <property name="minIdle" value="1"/>
        <property name="timeBetweenEvictionRunsMillis" value="60000"/>
        <property name="minEvictableIdleTimeMillis" value="300000"/>
        <property name="validationQuery" value="SELECT 'x'"/>
        <property name="testWhileIdle" value="true"/>
        <property name="testOnBorrow" value="false"/>
        <property name="testOnReturn" value="false"/>
        <!--<property name="poolPreparedStatements" value="true"/>-->
        <!--<property name="maxPoolPreparedStatementPerConnectionSize" value="20"/>-->
    </bean>

    <bean id="transactionManager" class="org.springframework.jdbc.datasource.DataSourceTransactionManager">
        <property name="dataSource" ref="dataSource"/>
    </bean>

    <bean id="sqlSessionFactory" class="org.mybatis.spring.SqlSessionFactoryBean">
        <property name="dataSource" ref="dataSource"/>
        <property name="configLocation" value="classpath:mapper/conf/mybatis-config.xml"></property>
        <property name="mapperLocations" value="classpath:mapper/*.xml"/>
    </bean>

    <bean class="org.mybatis.spring.mapper.MapperScannerConfigurer">
        <property name="basePackage" value="com.uhui.configurable.provider.repository.dao"/>
        <property name="sqlSessionFactoryBeanName" value="sqlSessionFactory"/>
    </bean>

    <!-- Redis pool config -->
    <bean id="jedisPoolConfig" class="redis.clients.jedis.JedisPoolConfig">
        <property name="maxTotal" value="20"/>
        <property name="maxIdle" value="10"/>
    </bean>
    <bean id="jedisPool" class="redis.clients.jedis.JedisPool">
        <constructor-arg index="0" ref="jedisPoolConfig"/>
        <constructor-arg index="1" value="${REDIS.HOST}" type="java.lang.String"/>
        <constructor-arg index="2" value="${REDIS.PORT}" type="int"/>
        <!--<constructor-arg index="3" value="2000" type="int"/>-->
        <!--<constructor-arg index="4" value="redis_default_password" type="java.lang.String"/>-->
    </bean>

    <bean id="weiXinServiceJob" class="org.springframework.scheduling.quartz.MethodInvokingJobDetailFactoryBean">
        <property name="targetObject">
            <ref bean="weiXinService"/>
        </property>
        <property name="targetMethod">
            <value>updateWeixinAccessTokenAndJsapiTicket</value>
        </property>
        <property name="concurrent" value="false"/>
    </bean>
    <bean id="weiXinServiceTrigger" class="org.springframework.scheduling.quartz.CronTriggerBean">
        <property name="jobDetail">
            <ref bean="weiXinServiceJob"/>
        </property>
        <property name="cronExpression">
            <value>0 0 * * * ?</value>
        </property>
    </bean>
    <bean id="scheduler" lazy-init="true" class="org.springframework.scheduling.quartz.SchedulerFactoryBean">
        <property name="triggers">
            <list>
                <ref bean="weiXinServiceTrigger"/>
            </list>
        </property>
    </bean>

    <bean id="uploadFileRoot" class="java.io.File">
        <constructor-arg index="0" value="${UPLOAD.FILE.ROOT}"/>
    </bean>

    <bean id="workFlowFactory" class="com.uhui.configurable.api.workflow.SpringWorkFlowFactory">
        <property name="workFlowClassName" value="com.uhui.configurable.api.workflow.JsonDubboConfigurableWorkFlow"/>
        <property name="transactionManager" ref="transactionManager"/>
        <property name="resources">
            <list>
                <value>workflows/user.json</value>
                <value>workflows/weixin-service.json</value>
                <value>workflows/gas.json</value>
                <!--<value>workflows/product.json</value>-->
                <value>workflows/order.json</value>
                <value>workflows/upload.json</value>
                <value>workflows/gas-card.json</value>
                <!--<value>workflows/permission.json</value>-->
            </list>
        </property>
    </bean>
    <bean id="excelWorkFlowFactory" class="com.uhui.configurable.api.workflow.SpringWorkFlowFactory">
        <property name="workFlowClassName" value="com.uhui.configurable.api.workflow.ExcelDubboConfigurableWorkFlow"/>
        <property name="transactionManager" ref="transactionManager"/>
        <property name="resources">
            <list>
                <value>workflows/permission.xlsx</value>
                <value>workflows/product.xlsx</value>
            </list>
        </property>
    </bean>
    <bean id="cacheManager" class="com.uhui.configurable.api.Permission.cache.RedisCacheManager">
        <property name="redisManager" ref="redisManager"/>
    </bean>
    <bean id="redisManager" class="com.uhui.configurable.api.Permission.cache.RedisManager">
        <property name="host" value="${REDIS.HOST}"/>
        <property name="port" value="${REDIS.PORT}"/>
        <property name="expire" value="${REDIS.EXPIRE}"/>
        <!-- optional properties:
        <property name="timeout" value="10000"/>
        <property name="password" value="123456"/>
        -->
    </bean>
</beans>