<?xml version="1.0" encoding="UTF-8"?>
<!DOCTYPE mapper PUBLIC "-//mybatis.org//DTD Mapper 3.0//EN" "http://mybatis.org/dtd/mybatis-3-mapper.dtd">
<mapper namespace="com.uhui.configurable.provider.repository.dao.UserDao">
  <resultMap id="BaseResultMap" type="com.uhui.configurable.api.model.User">
    <id column="id" jdbcType="BIGINT" property="id" />
    <result column="create_date" jdbcType="TIMESTAMP" property="createDate" />
    <result column="update_date" jdbcType="TIMESTAMP" property="updateDate" />
    <result column="name" jdbcType="VARCHAR" property="name" />
    <result column="pwd" jdbcType="CHAR" property="pwd" />
    <result column="mobile_phone" jdbcType="VARCHAR" property="mobilePhone" />
    <result column="mobile_phone_is_validated" jdbcType="BIT" property="mobilePhoneIsValidated" />
    <result column="status" jdbcType="BIT" property="status" />
  </resultMap>
  <sql id="Base_Column_List">
    id, create_date, update_date, name, pwd, mobile_phone, mobile_phone_is_validated, 
    status
  </sql>
  <select id="getById" parameterType="java.lang.Long" resultMap="BaseResultMap">
    select 
    <include refid="Base_Column_List" />
    from user
    where id = #{id,jdbcType=BIGINT}
  </select>
  <delete id="deleteById" parameterType="java.lang.Long">
    delete from user
    where id = #{id,jdbcType=BIGINT}
  </delete>
  <insert id="create" parameterType="com.uhui.configurable.api.model.User">
    insert into user (id, create_date, update_date, 
      name, pwd, mobile_phone, 
      mobile_phone_is_validated, status)
    values (#{id,jdbcType=BIGINT}, #{createDate,jdbcType=TIMESTAMP}, #{updateDate,jdbcType=TIMESTAMP}, 
      #{name,jdbcType=VARCHAR}, #{pwd,jdbcType=CHAR}, #{mobilePhone,jdbcType=VARCHAR}, 
      #{mobilePhoneIsValidated,jdbcType=BIT}, #{status,jdbcType=INTEGER})
  </insert>

  <update id="update" parameterType="map">
    update user
    <set>
      <if test="user.createDate != null">
        create_date = #{user.createDate,jdbcType=TIMESTAMP},
      </if>
      <if test="user.updateDate != null">
        update_date = #{user.updateDate,jdbcType=TIMESTAMP},
      </if>
      <if test="user.name != null">
        name = #{user.name,jdbcType=VARCHAR},
      </if>
      <if test="user.pwd != null">
        pwd = #{user.pwd,jdbcType=CHAR},
      </if>
      <if test="user.mobilePhone != null">
        mobile_phone = #{user.mobilePhone,jdbcType=VARCHAR},
      </if>
      <if test="user.mobilePhoneIsValidated != null">
        mobile_phone_is_validated = #{user.mobilePhoneIsValidated,jdbcType=BIT},
      </if>
      <if test="user.status != null">
        status = #{user.status,jdbcType=INTEGER},
      </if>
    </set>
    where id = #{id,jdbcType=BIGINT}
  </update>

</mapper>